Workbook

Sheet Priced works
A1: SAMPLE • Published evaluation basket, not a live quotation
A2: Source quantities; historical reference rates; amounts calculated from rates rounded to pence.
A4: Item | B4: Description | C4: Qty | D4: Unit | E4: Rate (£) | F4: Amount (£)
A5: 1.01 | B5: Facade scaffolding; six-week hire | C5: 50 | D5: m2 | E5: 51.31 | F5: =ROUND(C5*E5,2) -> 2565.5 | G5: 35 | H5: =ROUND(C5*G5,2) -> 1750
A6: 1.02 | B6: Tower scaffolding; maximum 10m | C6: 2 | D6: nr | E6: 996.7 | F6: =ROUND(C6*E6,2) -> 1993.4 | G6: 250 | H6: =ROUND(C6*G6,2) -> 500
A7: 2.01 | B7: Render renewal with existing removal | C7: 200 | D7: m2 | E7: 132.89 | F7: =ROUND(C7*E7,2) -> 26578 | G7: 38 | H7: =ROUND(C7*G7,2) -> 7600
A8: 2.02 | B8: Mechanical repointing with existing removal | C8: 100 | D8: m2 | E8: 57.14 | F8: =ROUND(C8*E8,2) -> 5714 | G8: 38 | H8: =ROUND(C8*G8,2) -> 3800
A9: 2.03 | B9: 15mm exterior plywood roof decking | C9: 50 | D9: m2 | E9: 58.45 | F9: =ROUND(C9*E9,2) -> 2922.5 | G9: 53.33 | H9: =ROUND(C9*G9,2) -> 2666.5
A10: 2.04 | B10: 200mm mineral-wool roof insulation | C10: 25 | D10: m2 | E10: 26.58 | F10: =ROUND(C10*E10,2) -> 664.5 | G10: 27.5 | H10: =ROUND(C10*G10,2) -> 687.5
A11: 3.01 | B11: Kitchen renewal; six units maximum | C11: 10 | D11: nr | E11: 7020.84 | F11: =ROUND(C11*E11,2) -> 70208.4 | G11: 4920 | H11: =ROUND(C11*G11,2) -> 49200
A12: 3.02 | B12: WC renewal with hand basin | C12: 5 | D12: nr | E12: 1888.2 | F12: =ROUND(C12*E12,2) -> 9441 | G12: 590 | H12: =ROUND(C12*G12,2) -> 2950
A13: 4.01 | B13: Additional double socket with box | C13: 10 | D13: nr | E13: 76.11 | F13: =ROUND(C13*E13,2) -> 761.1 | G13: 105 | H13: =ROUND(C13*G13,2) -> 1050
A14: 4.02 | B14: Additional light switch with box | C14: 10 | D14: nr | E14: 16.49 | F14: =ROUND(C14*E14,2) -> 164.9 | G14: 24 | H14: =ROUND(C14*G14,2) -> 240
A15: 4.03 | B15: Additional smoke detector | C15: 20 | D15: nr | E15: 164.91 | F15: =ROUND(C15*E15,2) -> 3298.2 | G15: 82.04 | H15: =ROUND(C15*G15,2) -> 1640.8
A16: 4.04 | B16: Occupied-property electrical testing after works | C16: 20 | D16: nr | E16: 164.91 | F16: =ROUND(C16*E16,2) -> 3298.2 | G16: 200 | H16: =ROUND(C16*G16,2) -> 4000
B17: TOTAL | F17: =SUM(F5:F16) -> 127609.7 | H17: =SUM(H5:H16) -> 76084.8

Sheet Summary
A1: SAMPLE • Section totals | B1: Amount (£) | C1: Alt. amount (£)
A2: Access | B2: ='Priced works'!F5+'Priced works'!F6 -> 4558.9 | C2: ='Priced works'!H5+'Priced works'!H6 -> 2250
A3: Building fabric | B3: ='Priced works'!F7+'Priced works'!F8+'Priced works'!F9+'Priced works'!F10 -> 35879 | C3: ='Priced works'!H7+'Priced works'!H8+'Priced works'!H9+'Priced works'!H10 -> 14754
A4: Renewals | B4: ='Priced works'!F11+'Priced works'!F12 -> 79649.4 | C4: ='Priced works'!H11+'Priced works'!H12 -> 52150
A5: Electrical | B5: ='Priced works'!F13+'Priced works'!F14+'Priced works'!F15+'Priced works'!F16 -> 7522.4 | C5: ='Priced works'!H13+'Priced works'!H14+'Priced works'!H15+'Priced works'!H16 -> 6930.8
A6: TOTAL | B6: =SUM(B2:B5) -> 127609.7 | C6: =SUM(C2:C5) -> 76084.8

Sheet Source register
A1: Item | B1: Section | C1: Source sheet | D1: Quantity cell | E1: Rate cell | F1: Primary source | G1: Alternative source
A2: 1.01 | B2: Access | C2: 27 | D2: E12 | E2: F12 | F2: https://www.royalgreenwich.gov.uk/download/downloads/id/6245/united_living_-_pricing_schedules.xlsx | G2: https://www.royalgreenwich.gov.uk/download/downloads/id/6246/axis_-_pricing_schedules.xlsx
A3: 1.02 | B3: Access | C3: 27 | D3: E15 | E3: F15 | F3: https://www.royalgreenwich.gov.uk/download/downloads/id/6245/united_living_-_pricing_schedules.xlsx | G3: https://www.royalgreenwich.gov.uk/download/downloads/id/6246/axis_-_pricing_schedules.xlsx
A4: 2.01 | B4: Building fabric | C4: 2 | D4: D5 | E4: C5 | F4: https://www.royalgreenwich.gov.uk/download/downloads/id/6245/united_living_-_pricing_schedules.xlsx | G4: https://www.royalgreenwich.gov.uk/download/downloads/id/6246/axis_-_pricing_schedules.xlsx
A5: 2.02 | B5: Building fabric | C5: 2 | D5: D7 | E5: C7 | F5: https://www.royalgreenwich.gov.uk/download/downloads/id/6245/united_living_-_pricing_schedules.xlsx | G5: https://www.royalgreenwich.gov.uk/download/downloads/id/6246/axis_-_pricing_schedules.xlsx
A6: 2.03 | B6: Building fabric | C6: 18 | D6: D4 | E6: E4 | F6: https://www.royalgreenwich.gov.uk/download/downloads/id/6245/united_living_-_pricing_schedules.xlsx | G6: https://www.royalgreenwich.gov.uk/download/downloads/id/6246/axis_-_pricing_schedules.xlsx
A7: 2.04 | B7: Building fabric | C7: 18 | D7: D9 | E7: E9 | F7: https://www.royalgreenwich.gov.uk/download/downloads/id/6245/united_living_-_pricing_schedules.xlsx | G7: https://www.royalgreenwich.gov.uk/download/downloads/id/6246/axis_-_pricing_schedules.xlsx
A8: 3.01 | B8: Renewals | C8: 7 | D8: D4 | E8: E4 | F8: https://www.royalgreenwich.gov.uk/download/downloads/id/6245/united_living_-_pricing_schedules.xlsx | G8: https://www.royalgreenwich.gov.uk/download/downloads/id/6246/axis_-_pricing_schedules.xlsx
A9: 3.02 | B9: Renewals | C9: 8 | D9: D8 | E9: E8 | F9: https://www.royalgreenwich.gov.uk/download/downloads/id/6245/united_living_-_pricing_schedules.xlsx | G9: https://www.royalgreenwich.gov.uk/download/downloads/id/6246/axis_-_pricing_schedules.xlsx
A10: 4.01 | B10: Electrical | C10: 19 | D10: D25 | E10: C25 | F10: https://www.royalgreenwich.gov.uk/download/downloads/id/6245/united_living_-_pricing_schedules.xlsx | G10: https://www.royalgreenwich.gov.uk/download/downloads/id/6246/axis_-_pricing_schedules.xlsx
A11: 4.02 | B11: Electrical | C11: 19 | D11: D27 | E11: C27 | F11: https://www.royalgreenwich.gov.uk/download/downloads/id/6245/united_living_-_pricing_schedules.xlsx | G11: https://www.royalgreenwich.gov.uk/download/downloads/id/6246/axis_-_pricing_schedules.xlsx
A12: 4.03 | B12: Electrical | C12: 19 | D12: D36 | E12: C36 | F12: https://www.royalgreenwich.gov.uk/download/downloads/id/6245/united_living_-_pricing_schedules.xlsx | G12: https://www.royalgreenwich.gov.uk/download/downloads/id/6246/axis_-_pricing_schedules.xlsx
A13: 4.04 | B13: Electrical | C13: 20 | D13: D4 | E13: C4 | F13: https://www.royalgreenwich.gov.uk/download/downloads/id/6245/united_living_-_pricing_schedules.xlsx | G13: https://www.royalgreenwich.gov.uk/download/downloads/id/6246/axis_-_pricing_schedules.xlsx

Sheet Basis
A1: Purpose | B1: Published evaluation quantities; not measured quantities for a live project.
A2: Retrieved | B2: 2026-10-10
A3: Calculation | B3: Rates rounded to pence; quantities multiplied by rates; totals calculated from item amounts.
A4: Use | B4: Historical evaluation example only. Confirm live measurements, specification, prices and taxes before tender use.
A5: S1 | B5: https://www.royalgreenwich.gov.uk/download/downloads/id/6245/united_living_-_pricing_schedules.xlsx | C5: bc0db67edeb2aa3f0c8492de952ed4381f35f0d62b3a063963b8f51cbe832492
A6: S2 | B6: https://www.royalgreenwich.gov.uk/download/downloads/id/6246/axis_-_pricing_schedules.xlsx | C6: c854c6d35fd75945859c9a44663482c597de7fa12c7b0efeb63ae32e93fd4813
